{
  "controller/dashboard-dbg.controller.js": 1756542137352,
  "controller/App.controller.js": 1756542137348,
  "controller/dashboard.controller.js": 1756542137352,
  "model/models.js": 1756542137344,
  "manifest.json": 1756564345781,
  "Component.js": 1756542137340,
  "i18n/i18n.properties": 1756542137340,
  "controller/dashboard.controller.js.map": 1756564368978,
  "controller/App-dbg.controller.js": 1756542137348,
  "controller/App.controller.js.map": 1756564368978,
  "model/models-dbg.js": 1756542137344,
  "model/models.js.map": 1756564368978,
  "Component-dbg.js": 1756542137340,
  "Component.js.map": 1756564368979,
  "Component-preload.js": 1756564369050,
  "Component-preload.js.map": 1756564369050,
  "view/dashboard.view.xml": 1756542137352,
  "view/App.view.xml": 1756542137352,
  "css/style.css": 1756542137348,
  "index.html": 1756542137340
}