{
  "model/models.js": 1756566565708,
  "Component.js": 1756566565703,
  "controller/dashboard.controller.js": 1756566565703,
  "controller/App.controller.js": 1756566565703,
  "manifest.json": 1756566565706,
  "i18n/i18n.properties": 1756566565706,
  "controller/App-dbg.controller.js": 1756566565703,
  "controller/App.controller.js.map": 1756567417030,
  "controller/dashboard-dbg.controller.js": 1756566565703,
  "controller/dashboard.controller.js.map": 1756567417074,
  "Component-dbg.js": 1756566565703,
  "Component.js.map": 1756567417065,
  "model/models-dbg.js": 1756566565708,
  "model/models.js.map": 1756567417039,
  "Component-preload.js": 1756567417307,
  "Component-preload.js.map": 1756567417307,
  "view/Hr.view.xml": 1756566701635,
  "view/Emp.view.xml": 1756566701635,
  "view/dashboard.view.xml": 1756566565708,
  "view/App.view.xml": 1756566565708,
  "view/Admin.view.xml": 1756566701635,
  "css/style.css": 1756566565703,
  "index.html": 1756566565706
}