{
  "i18n/i18n.properties": 1756542137340,
  "controller/App.controller.js": 1756542137348,
  "controller/dashboard.controller.js": 1756542137352,
  "model/models.js": 1756542137344,
  "manifest.json": 1756543736012,
  "Component.js": 1756542137340,
  "model/models-dbg.js": 1756542137344,
  "model/models.js.map": 1756563135376,
  "controller/dashboard-dbg.controller.js": 1756542137352,
  "controller/dashboard.controller.js.map": 1756563135377,
  "controller/App-dbg.controller.js": 1756542137348,
  "controller/App.controller.js.map": 1756563135376,
  "Component-dbg.js": 1756542137340,
  "Component.js.map": 1756563135378,
  "Component-preload.js": 1756563135449,
  "Component-preload.js.map": 1756563135449,
  "view/dashboard.view.xml": 1756542137352,
  "view/App.view.xml": 1756542137352,
  "css/style.css": 1756542137348,
  "index.html": 1756542137340
}